{
    "A3": {
        "value": -1,
        "coordinate": [0.0, 0.75, 1.25, 0]
    },
    "A2": {
        "value": -1,
        "coordinate": [0.0, 1.25, 1.25, 0]
    },
    "A1": {
        "value": -1,
        "coordinate": [0.0, 1.75, 1.25, 0]
    },
    "A4": {
        "value": -1,
        "coordinate": [0.0, 1.75, 0.85, 0]
    },
    "A5": {
        "value": -1,
        "coordinate": [0.0, 1.25, 0.85, 0]
    },
    "A6": {
        "value": -1,
        "coordinate": [0.0, 0.75, 0.85, 0]
    },
    "C6": {
        "value": -1,
        "coordinate": [1.75, 0.75, 0.85, 0]
    },
    "C5": {
        "value": -1,
        "coordinate": [1.75, 1.25, 0.85, 0]
    },
    "C4": {
        "value": -1,
        "coordinate": [1.75, 1.75, 0.85, 0]
    },
    "C1": {
        "value": -1,
        "coordinate": [1.75, 1.75, 1.25, 0]
    },
    "C2": {
        "value": -1,
        "coordinate": [1.75, 1.25, 1.25, 0]
    },
    "C3": {
        "value": -1,
        "coordinate": [1.75, 0.75, 1.25, 0]
    },
    "B1": {
        "value": -1,
        "coordinate": [1.75, 0.75, 1.25, 3.14159]
    },
    "B2": {
        "value": -1,
        "coordinate": [1.75, 1.25, 1.25, 3.14159]
    },
    "B3": {
        "value": -1,
        "coordinate": [1.75, 1.75, 1.25, 3.14159]
    },
    "B4": {
        "value": -1,
        "coordinate": [1.75, 0.75, 0.85, 3.14159]
    },
    "B5": {
        "value": -1,
        "coordinate": [1.75, 1.25, 0.85, 3.14159]
    },
    "B6": {
        "value": -1,
        "coordinate": [1.75, 0.75, 0.85, 3.14159]
    },
    "D4": {
        "value": -1,
        "coordinate": [3.50, 0.75, 0.85, 3.14159]
    },
    "D5": {
        "value": -1,
        "coordinate": [3.50, 1.25, 0.85, 3.14159]
    },
    "D6": {
        "value": -1,
        "coordinate": [3.50, 1.75, 0.85, 3.14159]
    },
    "D1": {
        "value": -1,
        "coordinate": [3.50, 1.75, 1.25, 3.14159]
    },
    "D2": {
        "value": -1,
        "coordinate": [3.50, 1.25, 1.25, 3.14159]
    },
    "D3": {
        "value": -1,
        "coordinate": [3.50, 0.75, 1.25, 3.14159]
    }
}